id,item_name,item_price,user_id
1,Sigma 10-20mm lense,1400,15128
2,Canon 24mm f/2.8,500,15128
3,8 x Astera AX1 Kit with AsteraBox ART7 / Pixel tube LED Video Lights Event Pixeltube,10000,15002
4,2 x Astera AX1 Kit with Astera Remote / Pixel tube LED Video Lights Event Pixeltube Neon Light,4000,15002
5,Sigma 16mm F1.4 E-Mount + Variable ND filter,2000,16130
6,Analogue Mixing Desk,500,15307
7,Sony a7 III 3 Camera Body + Manfrotto Fluid tripod + Light,4500,15667
8,Sony 70-200 f/ 2.8 GM OSS Lens,2400,15667
9,Sony PXW-FS7,16000,15197
10,Vinten Pro 5 Tripod,1500,15210
11,Red Gemini Camera and Cosmo 500 Wireless,19000,15067
12,Aputure 300d II LS kit,5000,16572
13,"Prime Lens Kit 24, 35, 50, 85 mm Canon-EF Fit",2900,16407
14,Canon 5D Mark 2,2000,15873
15,gimbal + lens + camera  kit bundle,6000,15873
16,"Nikon lens 50mm  1:1.8G ,",1000,16957
17,Canon 1.4x MKII Extender Lens,900,15104
18,Pioneer DJM900 Nexus 2,6000,15774
19,Mxl V69 Mogami Edition Tube Microphone,2000,15108
20,Canon EF-S 24mm f2.8 STM Lens,800,15104
21,Canon 70D DSLR Camera + Canon EFS 18-55mm IS STM Lens,1840,16322
22,Canon 5D MK IV,5000,15084
23,Vintage Tripod,750,15920
24,PES 2018 Pro Evolution Soccer 2018 PlayStation 4 PS4,225,15380
25,Fujifilm XT2 with 18-55 Lens,3500,15072
26,Canon 24-105mm f4 L IS USM Lens,1000,16322
27,Manfrotto MVH 502AH Professional Fluid Camera Tripod Head,1000,16322
28,"MAVIC 2 PRO! FLY MORE, 1 inch sensor, hasselblad.",5000,15206
29,Electric Bike Folding,2500,15572
30,Fender Acoustic Guitar,1000,15278
31,Elgato Game Capture HD,500,15446
32,Canon 80D + 50mm 1.4 canon lenses,2250,15416
33,Canon EF 50mm F1.8 II Lens,600,16322
34,PlayStation 4 Console,1000,16008
35,"Velbon DF-40 Tripod, Black",300,15816
36,DJI Mavic air Drone,2070,15816
37,Nikon 24-70mm f2.8l Lens,1800,16453
38,Tokina 11-16mm f2.8 Lens for Canon DSLR,1500,15816
39,Manfrotto Xpro Video Monopod with 2 Way Head,729,15816
40,Canon 50mm f1.4 USM Lens,1000,16322
41,Nikon D750 (Body Only),1600,16453
42,Kino Flo Diva-Lite 415 Kit,3040,16730
43,Yongnuo YN600EX-RT Wireless Flash Speedlite,1000,16322
44,Sony FS5 + 18-105 f/4 kit lense,7500,15084
45,Induro AT214 8m 3-Section Alloy DSLR Camera Tripod,1000,16322
46,Nikon D750 SLR kit with 50mm lens,3000,16453
47,Leaf Blower,700,15731
48,2 x Pioneer CDJ2000NXS2 Decks & DJM900NXS2 Mixer (Nexus 2),13500,16820
49,Canon EF f1.8 50mm STM Lens,900,15104
50,"Video Kit (Canon 100D Camera, 4x Lenses, Steady Rig)",5500,15104
51,"Wedding Bundle Kit (Canon 6D Camera, 3x Lens, Flash)",17500,15104
52,3 Head Dedo Lighting Kit,5000,16730
53,Electric Bike,2400,15572
54,Canon 70D + Canon EF 50mm f1.8 II Lens,1350,16322
55,Blue Microphones Yeti USB Microphone,1260,16322
56,Black & Decker Cordless 18V Hammer Drill,1000,16322
57,Sony a7ii Body and Kit,3500,16149
58,Walimex Pro LED 1000 Dimmable Lighting,5500,15108
59,2x Softbox Studio Light Kit,486,15816
60,Colourama Background Frame + x3 Paper Rolls,3200,16730
61,Acoustic Guitar Encore Steel String,1000,16660
62,DJI Phantom 4 Pro Plus Drone,3500,15206
63,DJI Phantom 3 Drone Standard,2800,16343
64,Scott Aspect 970 29er Mountain Bike 2017,2500,16437
65,Pioneer CDJ 2000 Nexus 2 DJ Decks,7500,15774
66,Canon 55-250mm f/4-5.6 IS Zoom Lens,900,16322
67,Bosch 103 Piece Titanium Drill and Screwdriver,600,16322
68,Benbor Tripod,700,15368
69,Metabones EF to Emount. Sony - canon,800,16361
70,GoPro Hero 5 Black & Karma Grip,3000,15022
71,DJI Mavic Pro Drone,4000,15857
72,Osprey Sirrus Hiking Backpack 26L,500,15414
73,Samyang VDSLR Lens Kit 5 - Canon EF,9000,16730
74,Giottos Vitruvian VGRN 9255 small Tripod with Monopod,1000,15920
75,Manfrotto 509HD Pro Video Tripod + Head,1600,16730
76,Street fighter 5 game for PlayStation 4 PS4,225,15380
77,Canon 50mm f1.8 Lens,500,15920
78,Canon PowerShot G12 Digital Camera - Brilliant DSLR alternative,800,15414
79,3x Dedo 150w Lights,6000,15350
80,"40"" / 1m Camera Slider",1200,15453
81,Canon DSLR 5D mark ll,2400,15920
82,Flash Photography Lighting Kit,3000,16657
83,Pioneer CDJ2000 Nexus 2 DJ Decks,7500,15774
84,PS4 500GB with Games,1500,15994
85,Womens Hiking Boots - Vibram Sole,450,15414
86,Bowens Studio Photography Lighting,2000,15368
87,Canon A1 Program Film Camera,1620,15920
88,"Canon 60D Camera, 50mm 1.8 Yongnuo Lens + Extras",2700,16150
89,2x Lite Panels Astra 1x1 Kit,6000,15350
90,Lite Panel Astra 1x1,3000,15350
91,Atomos Ninja Assassin Monitor,1000,15206
92,Canon 5d Mk3 with 50mm F1.2 Prime Lens,6000,15350
93,Canon 70D + Sigma 18-35mm f1.8,2055,16322
94,Audio Technica AT899,1275,15416
95,Track Slider Video Stabilizer Rail,525,15416
96,Black & Decker 120W Mouse Sander,1000,16322
97,Shoulder Rig Easy Mount with Cage - Sony a7 (for all),1300,15667
98,Speedlight 580exII Flash,1215,15920
99,Canon 70D + Canon EF 50mm f1.4 USM Lens,1500,16322
100,Behringer Active DI Box x2,500,15307
101,DJI Ronin M + 4K HDMI Field Monitor,4500,15416
102,DJI Ronin M Handheld Gimbal Stabiliser,3500,15206
103,Canon 50 mm 1.4 Lens,750,15416
104,RED PL Mount (DSMC TI) Epic/Dragon/Scarlet/Raven/Weapon,5000,15108
105,Canon 70D + 18-55mm lens + 55-250mm lens,1800,16322
106,2x Sennheiser EW 112P G3 (Lavalier) Radio Mic System,3500,16730
107,Canon 80D 24-105 F4 lenses,1687.5,15416
108,Sigma 18-35mm F1.8 ART Lens (for Canon),1300,16322
109,"Canon 50mm f/1.8 ""Nifty Fifty"" MKi",400,15816
110,Grass Trimmer,700,15731
111,Heavy Duty Video Camera Camcorder Panorama Tripod,900,15416
112,Zoom H6 handheld recorder,1350,15416
113,"Canon 5D MK IV kit (24-105, 16-35, 70-200, EX x 2, 5D mk III",9000,15084
114,Canon 5D MKii Camera,3500,15920
115,Canon 5d MK III,3150,15084
116,Canon 70-200mm f2.8 IS mk II,3150,15084
117,Ronin-m + 7inch hd montiror and cables for canon + Sony,4500,15084
118,Ronin-m + A7sII + HD 7inch monitor,8000,15084
119,"Sony video kit (Fs5, A7s, lenses, ronin-m, mics, tripods",22500,15084
120,Sony a7R Mark III + FE 24-70mm F2.8 GM - BUNDLE KIT,4500,15667
121,Canon 70D + Canon EF 24-105mm f4,1500,16322
122,Blackmagic Design URSA 4K Camera,9900,16730
123,Fs7 Camera with Operator,40000,15350
124,SOUNDBOKS: World's Loudest Outdoor Battery Powered Speaker,4500,16820
125,Gitzo 4-Section Boom Pole GB1540,300,15067
126,Aputure 300d Mark II/300d II LED Video Light,5800,15202
127,Aputure Fresnel 2X Bowens Mount for LS 120 and 300D Lights,1000,15202
128,"Aputure Light Dome II (34.8"")",1400,15202
129,Aputure Lantern Softbox Soft Light Barndoors/Modifier for Ap,1200,15202
130,DJI Mavic Pro,3000,15403
131,Genustech Eclipse Fader 77mm Variable ND Filter,800,15202
132,4 x moving heads with smoke machine,8000,16088
133,Zoom H4n Pro / Microphone Handy Recorder 4 Tracks,1200,15002
134,4ft MR & MRS Letters,20000,16758
135,Premium Photo Booth Hire + More,15000,16758
136,Canon 1Dx MKII MK2 DSLR & 24mm 1.4L Kit,10000,16495
137,Panasonic Lumix G7 4k With 12-60mm Lens,4000,15988
138,Bag of XLR and Jack Cables/adapters for Weddings and event functions,2000,15701
139,Teradek Power Kit inc 2x Vlock + 5x Dtap Adaptor,500,15067
140,Canon 5d iv body,2899,15456
141,Sigma for Canon EF and Nikon F mount 24-70mm f/2.8 EX DG,1500,15832
142,"Nikon pro bundle for any event, wedding, photo shooting.",13000,15832
143,Sennheiser G3 Wireless Lavalier Microphone System,1500,15861
144,Canon 50mm f1.4,800,15791
145,Canon 70D with Canon 24-105MM F4 L Lens,1700,15791
146,2x C-stand Heavy duty with Turtle Leg base,1500,15002
147,MetaBones EF-Sony Emount Adaptor,800,15067
148,MTF PL to Sony E Mount Adaptor,2000,15067
149,MTF Nikon to Sony E Mount Adaptor,800,15067
150,Quechua 3 Man Tent,1000,15403
151,Velborn ef-51,700,16382
152,"RED Gemini 5K Kit + 13"" HDR Monitor & Cosmo 500",25000,15067
153,Nikon nikkor Af-s 50mm 1.8G lens,1000,15832
154,Nikon d750 full frame with sigma 24-70mm lens,3500,15832
155,Canon 70D Body Only,1200,15791
156,Canon 24-105mm f4,1100,15791
157,Nikon 24mm f2 AIS Manual Lens - declicked,1500,15067
158,Nikon 35mm f2 AIS Manual Lens - declicked,1500,15067
159,Nikon 24mm & 35mm f2 Prime AIS Lenses,3000,15067
160,DJI Osmo Action,1000,15291
161,DJI Osmo Pocket,1200,15291
162,NDX 82mm Variable ND Lens Filter - Globe,1200,15667
163,3 Person Camping Tent - Green,600,15222
164,Dedo light DLH4 150w with dimmer and DP1 projector,2000,15210
165,C100 Mark ii Camera Body,5000,16407
166,2x Sennheiser G3 Wireless Lapel Microphone kit in PELI cases,3000,16108
167,1x Sennheiser G3 Wireless Lapel Microphone kit in PELI case,1700,16108
168,Sony a7R III Mirrorless Camera (Body) + Metabones Canon,3000,15667
169,Metabones Canon EF Lens to Sony E Mount T Smart Adapter (no.1),900,15667
170,Metabones Canon EF Lens to Sony E Mount T Smart Adapter (no.2),900,15667
171,Sony a7 R III + 24-70 mm GM Lens + Crane 2 Stabiliser Gimbal - Run-and-Gun Filming Bundle,6000,15667
172,"Zhiyun CRANE 3 LAB stabiliser gimbal - Sony FS5, Canon DX1, Canon C200, Gh5, a7 II III and similar (heavier load capacity than DJI Ronin S)",2700,15667
173,Sony a7s II + 24-70mm GM Lens + Rode Radio Lav Mic,3900,15667
174,Sony a7 III - a7 R III + 90mm + 24-70 - 70-200 2.8 GM Lens + Crane 2 + Rode Video Mic + LED Lights + DJI Mavic + Manfrotto Tripod - Advanced Kit,22000,15667
175,Flash Elinchrom Studio & Outdoor Portable - Profoto quality Strobes,3300,15667
176,"MacBook Pro Laptop 15"" w/ Photoshop & Premiere",2300,15667
177,2x Electric Scooters EU Version - Xiaomi M365 Folding (No.1),2500,15667
178,2x Aputure Amaran AL-528 (W-S) LED Continuous Light,2500,15667
179,Sony a7s II Mirrorless Camera (4k Mark mk2 Body),1900,15667
180,Sony a7s II + Metabones - Mirrorless Camera (4k Mark 2 Body),2200,15667
181,Sony a7 III mk 3 Mirrorless Camera Body,2000,15667
182,Atomos Ninja V SSD Recorder Monitor 4K - BUNDLE / 500GB Drive / 2X Batteries,1800,15667
183,Sony a7 III + Crane 3 gimbal stabilizer + 24-70mm Lens - Run-and-Gun v2 Filming Bundle,6900,15667
184,Sony a7s II + Sony 35mm + 55mm + 90mm Lens - Filming Bundle v4,5500,15667
185,"Sony NP-FZ100 Z-series spare Battery for Sony A9, A7 III",1000,16654
186,Backdrop with stands,,15389
187,RED Mini Mag 240G,2000,15067
188,Canon XF105,3500,15205
189,Zoom H6 audio recorder with 64GB SD card,1400,16108
190,Canon C100 mkii + 4 cine lenses + tripod + sound  + atomos,7200,16407
191,DJI Ronin S,2000,15079
192,Rokinon 50mm T1.5 Cine DS Lens for Micro Four Thirds,800,15128
193,Rokinon 85mm T1.5 Cine DS Aspherical Lens for Micro Four Thi,700,15128
194,Rokinon Kit lenses for MFT mount,6000,15128
195,Panasonic Lumix DC-GH5 Mirorless Body W/Vanguard 264AB-100 T,3500,15128
196,Studio Continuous Lighting Kit Softbox Kit Background setu,1800,15791
197,GoPro Hero 8 Black Action Cam 4K,1500,15667
198,GH4 custom package,4800,15389
199,6x Sennheiser G3 Wireless Lapel Microphone kit in PELI case,10000,16108
200,"SmallHD 703 HDR Bright 7"" Monitor inc DTAP & Batteries",4500,15067
201,Vanguard 264AB-100 4-Section Aluminum Alloy Alta Pro 264-AT,1100,15128
202,Westcott Ice Light ii,1500,15079
203,C300 camera operator with kit,20000,15870
204,Sekonic L-478DR LiteMaster Pro Light Meter inc 5 Degree Spot + PocketWizard,750,15067
205,"SmallHD 703 Ultra Bright 7"" Directors Monitor Kit",5000,15067
206,5x Canon LP-E6 Battery (for 5D/7D) and some monitors,2500,15067
207,"13"" Macbook Air (Microsoft & Adobe programs)",2500,16358
208,STUDIO BACKDROP SUPPORT STAND,1500,16358
209,PROJECTOR PORTABLE MINI,1200,16358
210,CAMERA SONY ALPHA NEX-6,1500,16358
211,Optoma HD141X Full 3D DLP Projector - 3000 lms,2000,16444
212,Shoulder Rig,300,16444
213,Canon EF 50mm 1.4 Lens,900,16610
214,Microphone,2025,16444
215,Leica R lens set- with EF mounts,6000,16983
216,Duracell Battery and LP E6 Charger,700,15791
217,"Cordless Makita drill with bits, charger and hammer action",1000,15380
218,DJI Ronin 3-Axis Gimbal,5000,15073
219,Rode VideoMicro Compact On-Camera Microphone,500,15667
220,Sony a7 III and a7R III 3 Camera Body + 24-70mm + 70-200 2.8 GM lens - Filming Bundle,12500,15667
221,Nikon D750 full frame professional camera body,2500,15832
222,Gopro 7 hero black + accessories,2000,15832
223,Aputure LS C300d ii Kit with Stand / Daylight 5500k COB Light 300d Mark 2 Video and Photography Continuous Lighting,3000,15002
224,Aputure LS C300d ii Kit with Light Dome Soft Box and Stand / Daylight 5500k COB Light 300d Mark 2 Video and Photography Continuous Lighting,3500,15002
225,Drone DJI Mavic Air 4K + ND Filters (weekly price*),1400,15667
226,"MacBook Pro 15"" Laptop & Wacom +  Adobe Premiere & Photoshop CC 2018",3200,15667
227,Wireless Speaker Outdoor Portable + Power Bank,1000,15667
228,Sony a7III (Body only) +2 batteries,3000,16654
229,Canon 5d Mark ii,1800,16407
230,Ronin s essential kit,2500,15002
231,Gopro Hero 7 black,1500,15832
232,Nikon D5100 DSLR camera body ( DX format ),1500,15832
233,"Nikon D750 Bundle with a 50mm Lens, Memory Cards",3000,15832
234,2 X Nikon EN-EL14  Li-ion Battery replacement,500,15832
235,"Lexar 64Gb, and Sandisk 32Gb memory card",375,15832
236,Teradek Bolt 300 HDMI and SDI Kit - Wireless Video System,3800,15002
237,"Atomos Shogun 4k 7"" HDMI and SDI Monitor and Recorder",1800,15002
238,Mamiya 645,1000,16149
239,BMPCC 4k with speedbooster and ssd,6000,16983
240,"BMPCC 4k speedbooster, ssd cage and lens",9000,16983
241,Metabones Canon EF Lens to BMPCC4K T CINE Speed Booster® XL,3000,16983
242,Metabones Speedbooster Ultra - EF - E Mount,2500,16865
243,DJI Mavic Pro 2,2500,16791
244,Canon 50mm f1.2 EF Lens,1400,15202
245,Underwater Waterproof Housing For Fuji X100F,2800,15202
246,Canon 5D Mark 4 IV LOG and Canon 24-70mm 2.8 L II - Mark 2,3400,15202
247,Hahnel Modus 600RT Pro Speedlight Kit for Canon,2000,15202
248,Filming Bundle v4 - Sony a7 III + 55 - 24-70 + 70-200 Lenses + Crane 3 + Rode,13500,15667
249,Optoma GT760 / Super Short Throw Projector 3200 Lumens,1800,15002
250,Seaport i-visor Laptop case with stand,1000,15202
251,Tiffen 4x4 Circular Polariser Filter,500,15067
252,RED Gemini 5K Kit - Option 5,27500,15067
253,Vocas MB255 Matte Box - 2 stage 4x4,2000,15067
254,5x Sennheiser G3 Wireless Lapel Microphone (XLR & jack) kit in PELI case,7500,16108
255,Custom Order - Urban Nesr,28000,16088
256,8 x Astera AX1 Kit with AsteraBox ART7 / Pixel tube LED Video Lights Event Pixeltube Neon Light,10000,15002
257,4 x Astera AX1 Kit with Astera Remote / Pixel tube LED Video Lights Event Pixeltube Neon Light,6000,15002
258,4 x Astera AX1 Kit with Astera Remote / Pixel tube LED Video Lights Event Pixeltube Neon Light,6000,15002
259,Easyrig Minimax 2-7kg / Camera and Gimbal Support Ideal for,4000,15002
260,6 x Astera AX1 Kit with AsteraBox ART7 / Pixel tube LED Video Lights Event Pixeltube Neon Light,8000,15002
261,3 x Astera AX1 Kit with Astera Remote / Pixel tube LED Video Lights Event Pixeltube Neon Light,5000,15002
262,4 x Astera AX1 Kit with Astera Remote / Pixel tube LED Video Lights Event Pixeltube Neon Light,6000,15002
263,6 x Astera AX1 Kit with AsteraBox ART7 / Pixel tube LED Video Lights Event Pixeltube Neon Light,8000,15002
264,Blackmagic Pocket Cinema Camera 6k,6000,16865
265,Epson Projector EB-S41 Full HD and Portable Screen,2100,15667
266,Blackmagic Ursa Mini Pro 4.6k G2,7500,16865
267,Canon 24 - 105mm f4 L Lens,2500,16865
268,RED Gemini 5K Camera - Raw/Prores/Phantom Audio,15000,15067
269,Matte Box Sachtler ace,3000,15314
270,Sony a7 iii + a7 R III 3 Camera Bundle +35mm + 70-200 f2.8 GM + Crane 2 stabiliser gimbal - Indie Fimmaker Kit,11500,15667
271,Trestle tables x2 heavy duty,2000,15307
272,Sigma 30mm f1.4,1500,16865
273,Manfrotto 525Mb tripod with 503 Fluid Head,700,16110
274,Ratchet Straps,250,15067
275,Arri Sand Bag,200,15067
276,Arri Sand Bag X 5,1000,15067
277,Chimera Pancake or Soft box Mogul 1000w,3200,15210
278,a7s II + Atomos Monitor Recorder + Manf. Tripod + Light Pane,8500,15667
279,Chimera Soft Box 3ft by 4ft 800w Arri,2200,15210
280,Rokinon 24mm T1.5 Cine DS Lens for Micro Four Thirds,900,15128
281,Sony FS7 Shooting Kit + Metabones Speedbooster EF adopter,9500,15210
282,Chimera Soft Box Mogul Socket Ring 1000w,3200,15210
283,Sony a7 R III 3 Camera Body + 70-200 mm 2.8 GM lens+ tripod,4700,15667
284,GoPro Hero 8 Black Action Cam 4K,1500,15667
285,Sony a7 III + 35 mm + 24-70mm f2.8 GM Lens - Custom Bundle v1,4900,15667
286,Rokinon 35mm T1.5 Cine VDSLR Wide-Angle Lens for Micro Four,800,15128
287,Sony a7s II camera body + 90 + 35 + 70-200 + 55 mm 2.8 GM lens + Crane 2 stabiliser gimbal - Filming Bundle v3,8900,15667
288,Special Bundle v1 - Sony a7s II + 70-200mm 2.8 Lenses + Crane 2,8500,15667
289,a7 III + 70-200mm 2.8 lens + Rode Lav Mic + Atomos Monitor - Special Bundle v2,10000,15667
290,Sony a7 III 3 Mirrorless Camera (Body) - 4K Video + 64GB SD Card (mk 3) + Metabones Canon (optional),2000,15667
291,Sony a7s II + 90mm f2.8 GM + Crane 2 - Bundle,3900,15667
292,Pioneer DDJ-SX2,4000,15277
293,Sony FS5 - 4K,7000,16572
294,77mm Pro Circular Polariser Filter,250,15067
295,Xeen 24mm + 50mm Kit 1.5t Cine Prime lens MFT / Samyang Rokinon Cinelens Micro M43 Cinema Set,5000,15002
296,Xeen 50mm 1.5t Cine Prime lens MFT / Samyang Rokinon Cinelens Micro M43 Cinema,2500,15002
297,Sekonic L-758D Digital Master Lightmeter,1000,16900
298,Sony A7iii with 3 x batteries,4000,16554
299,Metabones Speedbooster (EF to MFT),1500,16554
300,Sony 85mm f1.4 G Master Lens,3000,16554
301,Sony 16-35mm f2.8 G Master Lens,3000,16554
302,Panasonic GH5 with 2 x batteries,3000,16554
303,Sigma 16-35mm f1.8 Lens (EF mount),1500,16554
304,Atomos Nina V 4k 10 bit recorder & monitor,2500,16554
305,2019 Folding Bike,3040,16501
306,Panasonic Lumix DMC-G80 Kit with 12-60mm lens,1440,16905
307,HMI K5600 Joker 400 with Chimera Soft box 3ft by 4 ft,3000,15210
308,1 x Arri 650w Fresnel Tungsten,1000,15210
309,Sony A7iii Charger and 2 spare Batteries,1500,15701
310,Projectors Bundle for Steven,7000,15002
311,White Balance Card Set for Digital Photography,300,15667
312,GorillaPod Tripod 5K Kit,800,15667
313,Sekonic Flashmate L-308S Light Meter,1000,15667
314,DSLR Table Dolly Car Desktop Mini Stabilizer,500,15667
315,Vanguard Alta Pro 2+ Tripod + Ball Head for Photography,1100,15667
316,"Sony NP-FZ100 Z battery pack - for Sony A9, A7 III and A7R III",900,15667
317,2x Aputure AL-M9 Mini LED Light w/ 12 pcs Color Gel continuous light,1000,15667
318,"Elinchrom Rotalux Deep Octabox (100cm / 39"") Light Defuse",1000,15667
319,ND Filters Polar Pro - Dji Mavic Air,500,15667
320,NDX 82mm Variable ND Lens Filter (2),900,15667
321,Handheld Flashgun/Speedlite Boom Arm with 2x 5/8inch studs,500,15667
322,Boling BL-P1 RGB Full Color Video - Aputure AL-MX Bicolor Ki Portable Lighting,1300,15667
323,Rode Wireless GO Compact lav Lapel Microphone,1200,15667
324,GoPro Hero 5,1800,15154
325,Combo Stand / Pup Stand,500,15067
326,Chrosziel Follow Focus Single,1000,15067
327,Combo Stand / Pup Stand x2,900,15067
328,DJI Inspire V2 Drone,12000,15223
329,Mackie Srm 550 Speakers Pair with Mixer and Microphone,12000,16063
330,Zeiss Lens 24-70,1700,16654
331,Nikon D7000  Camera and 50mm Nikkor Lens,1539,15524
332,Recording Studio Microphone,1000,16358
333,V-Lock Battery 130wh,900,15002
334,Harley Benton Jazz Style 4 String Bass,1800,15472
335,photek 36'' umbrella,900,15002
336,DJI Phantom 3 Standard Drone,4500,15983
337,"Tiffen ND 4x4 Filter Set 0.3,0.6,0.9",1500,15067
338,Arturia Beatstep Pro / Midi CV Sequencer Beat step,1500,15002
339,Xbox One with 2 Controllers and Games,1500,15247
340,Canon Zoom 16-35 mm f4 Lens Image Stabiliser Ultra Sonic,1500,15210
341,2 Mackie SRM-450 V2 Active Speaker,10000,16063
342,Rode Video Mic Pro,525,15067
343,Panasonic GH4,1700,15389
344,Tether Tools TetherPro USB 2.0 Type-A to 5-Pin Mini-USB Cabl,500,15667
345,Peli 1550 Case,600,15861
346,Canon 24-105mm f/4 Lens,1125,16048
347,Tent (2 person / Pop-Up),500,16048
348,Funktion-One F218 Bass Speaker,8000,16063
349,DJI Phantom 3 Standard Drone,1200,16945
350,Camera Operator / Video Editor / Photographer  / Videography,22500,16235
351,Canon 70-200mm f2.8 Lens,1620,16235
352,DJI Mavic Pro 4k Folding Drone with 3 Batteries,4200,15104
353,Vinton Tripod 130,2000,15210
354,EV ELX112 powered PA speakers,3645,15408
355,Gimbal zhiyun crane v2,2000,15873
356,Sony FE 24-70mm f/2.8 GM Lens (No.2),2000,15667
357,Canon 24-70mm L 2 USM Zoom Lens,2000,15210
358,Ready Rig GS Pro Arms kit,5000,16572
359,DJI Ronin 1,4000,16572
360,Zhiyun Crane,1500,16433
361,Korg MS20 Semi Modular Synthesizer,2000,15002
362,Pair of Mackie Srm 650 Speakers Stands Mixer & Microphone,14000,16063
363,Wheelchair,300,16539
364,Sigma art 35mm for canon 1.4f,2000,15002
365,GoPro Hero 4 Black Edition,600,15403
366,Sony A7sii 4k Shooting Kit 2: includes DJI Ronin-M Gimbal,11340,16412
367,"Standard 7"" Field Monitor",1000,15210
368,Rokit 5 inch active monitors,2814,15109
369,"Canon Lens Kit (35mm, 50mm, 85mm, 24-70mm zoom)",4000,15395
370,Washer Dryer,600,16642
371,All-terrain cart: RockNRoller R12RT + Shelves,2430,16827
372,Weeride Co-pilot,2000,15304
373,Single Seat Kayak,2000,15257
374,Speaker System: Mackie HD 1531 Pair Active Speaker Setup,13600,16088
375,Canon 24mm-105mm f4 Lens,2000,16398
376,GoPro Hero 4 with Extras,1000,15803
377,Xbox One S Console with Game and Controller,2500,15676
378,Sony ECM-674 shotgun mic,720,15408
379,Audio Technica System 10 PRO digital radio microphone system,1800,15408
380,Audio Technica BP892cL4-TH headset microphone,810,15408
381,Sony ECM-99PR stereo recording microphone,1215,15408
382,"HK Audio Linear 3 12"" PA system with sub",9720,15408
383,Lewitt DTP Beat Kit 6 drum mic set,2025,15408
384,Metabones Speedbooster Ultra x0.71,1600,15389
385,Zoom H5 Handy Recorder,3000,16063
386,Black Carpet with Posts and Ropes Package 1,13000,16088
387,6Ft Trestle Table,1000,16088
388,Lumaform Illuminated Corner Bar Section,15000,16088
389,Canon EOS 600D with 18-55mm lens,1800,16737
390,Red Mini Mag 480gb,3600,16401
391,Tripod for Camera,1350,16065
392,Rode NTG2 Boom Mic,700,15067
393,Lenovo A2109 Tablet,800,16200
394,Canon 600EX-RT Speedlight Flash,1800,15104
395,Road Bicycle,2000,15531
396,Canon 24-105mm f/4,600,16379
397,Lumaform LED Solid Cubes,2500,16088
398,A7sII + canon lense kit + rode mic,9000,15084
399,Led Lights,1200,15389
400,LED Dimmable Video Lamp Light,700,15104
401,Canon EF 50mm F/1.8 STM,500,15291
402,Behringer S16 Digital Snake Stage Box,1980,15408
403,Fireplace Insert and Canopy,500,15520
404,Panasonic GH5 Batteries ORIGINAL X 2,750,15984
405,Laser UK – 50mw Green Laser Disco Lights,2400,16088
406,"Amazon Fire 7"" Tablet",100,15955
407,Armani Side Bag,2000,16676
408,Leather Club Chair,1000,16298
409,Fender Stratocaster Guitar,1200,16092
410,Black Leather Sofa Bed,1000,15686
411,Double Bed with Mattress and Headboard,1000,15995
412,Foffa Bike Single Speed/Fixie,1200,15720
413,ADJ Ultra Hex Bar 12 LED lighting bars,1215,15408
414,Zoom R16 Multitrack Recorder,4000,15282
415,Canon AF Macro Extension Tubes,500,15104
416,iMac Desktop Computer,2500,15782
417,Leisure Gourmet Gas Cooker 60cm,1000,16538
418,3×3 Metre Gazebo - Heavy Duty,8000,16088
419,Canon EF 100mm L f2.8 IS USM Macro,2500,15873
420,Custom Package,31500,16088
421,Car seat (newborn to 18 months toddler),75,15380
422,Lightweight Singlespeed - statebicycle,1125,15562
423,Super Short Throw Projector 3200 Lumens / Optoma GT760,2000,15002
424,Polaroid AF 660,1000,15389
425,"Par 64 Slimline Par Can Uplighter, Wired - Disco Lights",1440,16088
426,Godox LED 500w Panel light with stand & 5 batteries,800,15868
427,Glass Chandelier Light Fitting,600,16133
428,Party Pack / DJ Package: PA Speaker System with Mixer,14000,16063
429,Fender Frontman 212R Guitar Amp,2000,15662
430,2 and 3 Seater Sofa,500,15679
431,Canon EOS 7D + Lenses + Accessories,2250,16610
432,Brompton Bike,3600,16229
433,2015 iMAC Intel Core i5-5250U 8GB 1.60 GHZ,350,16365
434,Canon 600D Camera,1800,16911
435,Microwave,300,15345
436,Yamaha Keyboard,1300,15336
437,Parka Jacket,200,15697
438,Clutch Bag,1000,15484
439,Voigtlander Colour Skopar 35mm f/2.5 Lens,1000,16366
440,Electric Fireplace,900,15943
441,Pioneer DDJ SZ Controller,11500,16063
442,Playstation One Console and Games,300,15703
443,* DELIVERY *,12000,16088
444,Impressionist Painting,1500,16119
445,UltraStudio Mini Monitor with Thunderbolt Cable (2m),900,16827
446,Canon EF L Lenses,12000,15873
447,Kodak 72 -in-1 Card Reader,1000,15850
448,Sheepskin Coat,1500,15697
449,"Microphone, mic stand & cable",900,15307
450,Polaroid Camera,600,15917
451,Canon EF f1.4 50mm USM Lens,1400,15104
452,ADJ Fog Fury Jett – Multiple Directional LED Fog/Smoke Machine,4000,16088
453,Canon EF-S 10-22mm f/3.5-4.5 USM (ultrawide) Lens,2000,16825
454,Raleigh Mountain Bike,500,15357
455,Camtree Galaxy Arm & Vest with Flycam180,4000,15314
456,Apple Baby Single Stroller Pram,972,15596
457,SONY SIGMA 60mm f/2.8 DN E-Mount,1500,16358
458,Rode NTG-2 Microphone,900,15861
459,Mmlite Slider,975,15389
460,Voodoo Aizan 29er,2500,16849
461,Lumaform LED 4 Lip Ice Bucket,1600,16088
462,Table Top Cupcake Stand,1000,15166
463,Blue Snowball Ice Microphone,1000,16480
464,Basic Sound Speaker System – Pair,4800,16088
465,Chauvet Freedom Par Tri 6 – Fully Wireless Uplighters,2700,16088
466,DJ X-Move LED 25-R Moving Head Light,2000,16088
467,"2 Disco Light, 1 Smoke Machine Package",6000,16088
468,CANON 24-105mm f4 IS USM,900,15482
469,Canon 24-105mm f/4.0 L EF Zoom Lens,1900,15861
470,Canon EF 70-300mm f/4.5-5.6 Lens,1800,15756
471,DJI Spark Mini Drone Combo (White) with 2 Batteries,3000,15104
472,"PA System (100 guests): 800W Speakers, Mixer, Microphone,",16000,16063
473,Muddyfox Men Bike,2000,15501
474,LED Disco Light Par Bar,6000,16088
475,Black Carpet with Posts and Ropes Package 3,14000,16088
476,ADJ VF400 Horizontal Fog/Smoke Machine,2000,16088
477,Sigma 24-105 f4  IS (Canon EF mount),1500,15389
478,Pentax 67II + 55mm +90mm +165mm,15000,15002
479,Camera harness | Leather,700,16852
480,Lumaform LED Cube With Cushion Seat,2500,16088
481,Velbon 638 fluid head tripod,1000,15389
482,Mavic Pro Drone,2500,16496
483,Speaker System: FBT X-Lite 12A Pair Active Speaker Setup,10000,16088
484,Northwave snowboarding boots size UK7,525,15325
485,SONY NEX 6 CAMERA w/ Portrait Lens,2000,16358
486,VooDoo Limba Cyclocross Bike - 57cm frame,2025,16827
487,REFLECTORS FOR PHOTOGRAPHY LIGHTING,1000,16358
488,Cricket Nets,1500,15465
489,Full Ring Light Kit,1000,16800
490,Canon 24-105mm L-series lens,1700,15870
491,Mega TriPar Profile Plus Uplighters - Disco Lights,1500,16088
492,GH4 - GH5 Batteries 3x,1000,15389
493,Canon EF f2.8L 70-200mm IS USM Lens,2500,15104
494,Pioneer DDJ SR Controller,4800,16063
495,Custom Package Carlos,19875,16088
496,Aluminium Bistro Table,800,16088
497,Asian Bridal Wedding Dress,8000,15823
498,Pioneer DJM-800 Mixer,4000,16088
499,Pioneer CDJ 2000 Nexus & DJM 900 Nexus Mixer Package,14400,16088
500,Canon EOS 700D with EFS 18-55mm lens,1500,16696
501,Lumaform LED Bar Straight Section,15000,16088
502,4-person tent: Decathlon Arpanaz 4.2 Family,960,16618
503,Red Carpet Mini Package,7200,16088
504,"iPad Smart Keyboard 12.9""",800,15831
505,Roland Cube - 60 Guitar Amplifier,1000,16092
506,Rose Gold Watch - NY Premium Luxury,1800,16276
507,Led Panel Bi-Color with Stand and Batteries,1000,15002
508,4 Light Disco Lights Package with Smoke Machine,10000,16088
509,"PA System (300 Guests): 4.5 kW speakers, Mixer, Microphone,",24000,16063
510,PS4 Pro Console and Controller,1500,15673
511,Bedside Table,1600,15468
512,Lumaform LED Sphere Globe (Small) - Disco Lights,1500,16088
513,UE Boom 2 Bluetooth Speaker,500,16145
514,Shure SM58 Vocal Microphone,800,16088
515,Coral Coloured Indian Dress with Antique Diamonti,2500,15441
516,Atomos Ninja V 4K Recorder (with SDI),2500,15343
517,Canon 1D Mark ii with Canon 70-200mm,2592,16258
518,Digital Camera,2000,16131
519,Canon 24-70mm f2.8 II L Lens,2500,15873
520,Electric Guitar,1000,16663
521,UE Boom 2 Bluetooth Speaker,500,16145
522,Haier Countertop Fridge Freezer,300,16184
523,Acme HP4D 1500w Vertical Fogger Smoke Machine,3000,16088
524,QTX Blue Weapon – 300mw Blue Laser Disco Lights,4000,16088
525,Weatherproof Extension Reel,500,16088
526,Par 64 LED Disco Uplighters,1500,16088
527,Lumaform LED Hexagonal Table or Plinth,2400,16088
528,Soundcraft Ui12 Mixer,4000,16063
529,"Apple iPad Pro 12.9"" w/ Apple Pencil - almost a laptop :)",2500,15667
530,Blindspot Scorpion LED Dual Kit,1700,15067
531,Manfrotto Fluid Video Head,750,15002
532,Motorola Walkie Talkie TLKR T80 Extreme Quad Pack,1500,15524
533,Hiking Treking Leki Voyager Poles,500,15222
534,DJI Ronin Gimbal,4860,16401
535,Behringer X32 Compact Digital Mixing Desk,4000,15408
536,"22"" Computer Monitor LED - Samsung",400,16539
537,Full Soft Box Light Kit,1000,16800
538,Power Wheels Kids GT3 Ride On,2800,15810
539,Prom Dress,600,15668
540,Ariella London Dress,2000,15977
541,Tilta Nucleus-M Follow Focus Kit,6075,16703
542,Black Carpet with Posts and Ropes Package 2,15000,16088
543,4Ft Trestle Table,1000,16088
544,Asus Rog Gaming Laptop,7000,16080
545,Acme Dynamo 100w Pair DMX,1458,16862
546,Canon 35mm f1.4 L Lens,2500,15873
547,3x4m Cream Gazebo,8000,15251
548,Blackmagic Mini Recorder with Thunderbolt Cable,1000,16590
549,Small Bag Less Hoover,700,16304
550,Canon 550d Camera (DSLR),675,16539
551,Portable PA System(alto 12 inch),2680,15109
552,Iced Watch - NY Executive Luxuries,2500,16276
553,Canon 5D Mark III,4500,15861
554,"Panasonic Lumix G7 Camera with 3 Lenses, Mics and Tripod",3420,15587
555,Rode Video Mic,1000,16990
556,DJI Mavic Pro Drone Complete Kit + 2 Extra Batteries,2900,15595
557,DJI Phantom 3 Drone (+Operator),20000,15598
558,Aluminium Poseur Table,2000,16088
559,Olympus LC-12 High quality portable sound recorder NOT Zoom,1000,15307
560,Pyle Subwoofer 1000w,800,16849
561,Canon 5D Mark III Camera + EF 24-70mm F/2.8L II USM Zoom Lens,4000,15395
562,Phantom 4 pro,4500,15800
563,Shure sm58,720,15109
564,Weatherproof External Outside Uplighter Flood Disco Light,1600,16088
565,Beyerdynamic TDV35ds Dynamic Wired Vocal Microphone,800,16088
566,Sennheiser EW100 G3 Handheld Wireless Microphone & Receiver,3200,16088
567,Sennheiser XSW 35 Handheld Wireless Microphone & Receiver,2400,16088
568,Canon EOS 100D Camera with 18-50mm Lens,2000,16600
569,Zoom H6 Sound Recorder,1260,15524
570,"Pro DJ Party Package 2000k Club Speakers, Amps, DJ Controller & Mics. PA system",30000,16979
571,Mixer Yamaha MG206c,2025,15109
572,Wedding Dress,30000,16630
573,IDX V Lock Batteries,1200,16401
574,21 shimano gears Ridgeback with puncture resistant tyres,2000,16812
575,SmallHD Focus Monitor,2160,16401
576,Rolex GMT Master ii Watch,5000,16161
577,Samyang Lens Kit (4x Lenses) EF Mount,2500,16110
578,Designer Bag,2500,16771
579,Red Carpet with Posts and Ropes Package 1,13000,16088
580,Red Raven 4.K Kit,12000,16401
581,Red Carpet with Posts and Ropes Package 2,25000,16088
582,Ray Bans Sunglasses,300,15953
583,HTC Vive VR System,3150,15659
584,LA Audio Active DI Box,500,15408
585,Casio CTK240,1200,15552
586,Blueridge BR163 OOO Historic Guitar with Martin Thinline Gold Pickup,3000,15592
587,PA Sound System,5000,15348
588,Fujifilm X100F Camera,4000,16555
589,Old Charm Corner Cabinet,700,16560
590,"Party Pack 3: Sound and Disco Lighting,  Speakers, Mixer",12000,16063
591,Bridesmaid Dresses x4,10000,15451
592,Issey Miyake Sunglasses,500,16621
593,Apple iPad,2000,16626
594,Sony RX10 III Camera,7000,16615
595,"Logitech Slim Combo for iPad Pro 10.5""",1500,16638
596,Dehumidifier,1500,16304
597,Set of Speakers,1000,15457
598,Dark Wood Bureau,800,15435
599,iMac 27inch Mid 2010 Computer,1000,16081
600,Catering Van,9500,15734
601,Kitchen Table and 4 Chairs,500,15518
602,GE X5 Digital Camera,2000,15869
603,Oak Furniture Land Living Room Furniture,2000,16659
604,Clutch Bag,1000,15470
605,Navy Blue Three Piece Men's Suit by Reiss 42R/34S,2800,15473
606,Mountain Hardwear Trango 2 Person 4 Season Tent,2500,15463
607,Epiphone Gibson Les Paul,1500,15471
608,Sennheiser ew100 G2 Wireless Lavalier Microphone Sys,1500,15210
609,Smart Freeview 1TB HDD TV Set-Top Box,900,15822
610,Canon EF 50mm f/1.4 Lens,1350,15756
611,Yamaha Keyboard,1500,15657
612,GoPro Hero 4 Camera Silver,800,16543
613,Sigma Art 50mm F1.4 for Canon EF,1500,15002
614,Ladies Bridesmaid Prom Part Dress,2500,15460
615,Passive Speakers,4800,16063
616,Full Corner Bar Hire Package,32000,16088
617,Corner Sofa,5000,15718
618,Ebac 2650e Dehumidifier,1000,16085
619,Fiesta Tent,800,16055
620,Decorative Iron Fence,500,15907
621,Sony FS7 Mark 1 Camera with Lens and Accessories,18000,16398
622,Curvissa Extra Wide Long Boots,1000,15951
623,Back & Thigh Massage Chair,500,15807
624,Cot Wardrobe Changing Unit and 2 Shelves,2500,15725
625,Phillips Portable DVD Player and Screen,300,15007
626,Canon EOS 550D Camera with 18-55mm Lens,2000,15717
627,Kenton Electronics Pro 2 Dual Channel MIDI Converter,1500,16041
628,Electro-Voice ZLX-15P Speakers,13000,16063
629,Rotolight NEO BiColour LED Light,1500,15861
630,UPS Backup Battery  (APC ES 700 / 405 W),1215,16827
631,Pink Carpet Excluding Posts and Ropes,5600,16088
632,Zacuto Camera Rig,1500,15067
633,Pioneer DJM-900 Nexus Mixer,6000,16088
634,Pioneer CDJ-2000 Nexus Single,7000,16088
635,Canon 50mm f/1.8 Lens,500,15870
636,PA System (Mackie SRM450 alto 12 inch Active speakers with Mixer),8100,15109
637,Pink Carpet with Post and Ropes,13000,16088
638,Lexar CFast 2.0 Reader (USB 3.0),500,16827
639,2 X Pioneer CDJ-2000 Nexus  & DJM-850-K Bundle,13500,16063
640,25m SDI Cable,500,16827
641,25m SDI Cable,500,16827
642,Pioneer DDJ-SB Controller,1500,16761
643,"Edelkrone Slider Plus Pro Large (21.1"")",1500,15287
644,4 in 1 Trike,900,15319
645,Wedding Dress and Petticoat,1300,16107
646,Wedding Dress,10000,15451
647,Audio Technica AT897 shotgun microphone,729,15408
648,Fujifilm Camera,1000,15917
649,Funktion-One Resolution 2SH Loudspeaker Tops & F218 Bass Bin Package,30000,16063
650,PlayStation 4,720,16081
651,Carl Zeiss planar 50mm f/2 Lens,1500,16366
652,UltraStudio Mini Recorder with Thunderbolt Cable (2m),900,16827
653,EAW SB750F Subwoofer,8000,16063
654,Shoulder rig,750,15389
655,Office Desk,400,15969
656,Nikon D500 BODY ONLY,2100,15533
657,Vax Dual Power Carpet Washer (Carpet Cleaner),1000,15396
658,Nikon D500 + sigma 50mm f1.4,3200,15533
659,DJI OSMO + Extra Batteries/Case/VND filter/Arm/Tripod,3300,15868
660,DJI Mavic Pro 4K Drone - Hire Today!,2200,15659
661,2850W Photography Lighting Softbox Boom Arm Kit Background Stand,3000,15314
662,Canon EF-S 40mm f2.8 STM Lens,800,15104
663,Professional LED Panels,1300,16735
664,Yamaha Saxophone,4500,16906
665,DJI Ronin M Charger,800,15416
666,SOCCER BALL,320,16350
667,pa sound speakers(edgware or hatfield),7000,15109
668,Sachter FSB 6 Tripod,2250,16610
669,Pair RCF 715 A Speakers Mixer & Microphone,14000,16063
670,Focusrite ISA 428 - 4 Legendary Transformer Preamps,3000,15307
671,"Nikon D5100, 2x Lenses, 2x Batteries, Microphone",2250,15584
672,Zacuto Z Finder,500,15067
673,Canon EF 24mm II IS USM f1.4 Lens,2500,15873
674,Sony FS7 + Manfrotto Tripod + Sigma 24-105mm + Shoulder rig + Shotgun mic,12000,15214
675,Chair Cover With Single Bow/Sash,175,16088
676,Sony PXW-160 Professional Video Camera,7200,15382
677,Sony FS7 Package with Fujinon Cine Lens 18-55 T2.9,17900,16142
678,Canon 16-35mm f/2.8 L-series Lens,1500,15870
679,Multiviewer & SDI to HDMI Converter (DMON-4S),3240,16827
680,DJI Phantom 4 Pro Drone With Pilot,12000,15800
681,Canon 70mm-200mm mk ii 2.8,1350,15701
682,Black Flag Set - 4 flags,700,15067
683,Canon 5D MKII Camera,2000,15067
684,DJI Osmo Mobile 2,1000,15403
685,Octagon Theater White LED lights,972,15408
686,Asos Coat,600,15917
687,Small HD 702 Bright,6000,16572
688,Telescopic cross bar 3ft-6ft,1000,15210
689,Pioneer DJM-800K Mixer,8000,16063
690,HD SDI CABLES,500,16590
691,Zeiss 50mm f1.4 T* Lens - EF Mount,2625,16784
692,Condensor mics-Rhode NT2A,1350,15109
693,Gear 360 VR Camera + Remote,2500,15104
694,"Ryobi Cordless 18v Jigsaw, Drill, Sander + 100+ Bits",3000,15961
695,APC 40 MKii / MK2 - Akai Midi Controller,1500,15002
696,Zacuto EVF Pro,1000,15067
697,Nike Air Force Trainers,1500,15959
698,Marshall MG Series 100DFX Guitar Amp,2000,15662
699,Film lighting grip gear,800,15210
700,83x83 Garage Door,500,15440
701,Set of 4 high quality PAR can lights + extras,3645,15408
702,Blackmagic Cinema Camera 2.5k MFT - Body Only - BMCC,2700,15002
703,2x Optoma GT760 / Super Short throw Projectors 3200 lumens,3500,15002
704,Blackmagic UltraStudio Mini Recorder HDM / SDI Capture Card,1400,15002
705,BLACKMAGIC HyperDeck Studio Mini/Video Recoder,2500,16590
706,20m High Quality long HDMI Cable,800,15002
707,Canon 5D Mark II Camera (Mark 2),2500,15114
708,Canon 5D MK4 with Canon 50mm f1.4 USM Lens,5000,15287
709,"Dell 22"" 1080p HD Monitor - White + Black - HDMI/DVI/DSub",500,15961
710,Samyang 35mm Lens Canon EF/ EFS Mount,1093.5,16235
711,Canon Speedlite 600ex-rt Flash,972,15287
712,Ariana AW-60 Acoustic Guitar,900,16078
713,Zhiyun Crane Plus Gimbal,3000,16990
714,Single Camping Bed,1000,15821
715,Hollywood Cosmo 500 Wireless Monitoring Receiver & Transmitter,4000,15067
716,HK Audio Pro 10XD powered speakers,2430,15408
717,Sachtler DV8 Tripod 75mm Bowl Carbon Fibre Legs - takes 10kg camera,1800,15067
718,Sennheiser G3 radio mics,1300,15870
719,Panasonic gh4 filming kit v2,6500,15389
720,Sennheiser G3 Wireless Lavalier Microphone System,1125,15861
721,alto speaker,3500,15109
722,DJI Spark drone,1875,15239
723,Behringer Xenyx 1202 Analogue mixing desk + 6 XLR leads,1500,15307
724,Canon 50mm f1.2 L Series Prime Lens,2500,15873
725,Blackmagic Intensity Shuttle / Video Capture Card,2000,15002
726,Original DJI Ronin w/ Thumb Control & Monitor,3000,16524
727,Yongnuo YN660 2.4G Wireless Speedlite Master Flash,800,15389
728,Background / Backdrop Support,1300,15667
729,Lewitt MTP440 DM Dynamic instrument mic,500,15408
730,Wireless Microphones,4800,16063
731,IKEA Wall Picture,600,15444
732,Blue Topaz Diamond Ring,1200,15474
733,led screen-led video wall/led screen,80000,16590
734,Stairville DMX haze machine,1215,15408
735,Manfrotto Carbon One 440 Stills Tripod,1000,15210
736,SONY PXW FS5K,7500,16590
737,SONY PXW FS5K (4K CAMCODER),7500,16590
738,Sigma 10-20mm f/4-5.6 Lens (for Canon Mount),1500,15756
739,Gucci Watch,2500,16199
740,Rokinon 14mm f/2.8 Lens (EF),1200,16048
741,Lanparte Shoulder Mount Rig Kit with Follow Focus,3000,15314
742,Deep umbrella L silver Profoto,1500,15002
743,Samsung 48” DB48E SMART Professional Monitor / TV,2625,16071
744,"Mamiya RB67 Pro II Camera with Extra Film Back, Prism Finder and Handle",1500,15020
745,"PA System (70 Guests): 800W Speakers, Mixer, Sound",10080,16063
746,Soft box 3x4 Profoto,1500,15002
747,30 Lengths of 3 Meter Beading,600,16185
748,Sony A7s II,5000,15084
749,Blackmagic Production Camera (4K),3000,16110
750,Zeiss ZF.2 Cine Lens Set,9000,16703
751,Arri 1 x 650w &  2 x 300w Tungsten Fresnel Lights,2600,15210
752,THREE WHEELED BIKE,2000,16635
753,Canon EOS 100D Camera,1600,15104
754,Canon 700D Camera,3500,15506
755,Logitech Z4 Speakers,700,15925
756,2x Pioneer CDJ-2000 Nexus & DJM-850-K Bundle,15000,16063
757,Gorilla Pod,500,16444
758,GO PRO 5 with screen,5000,16635
759,Rycote Softie NTG Wind Protection Kit,472.5,15067
760,Sony A7s ii Camera,3000,16412
761,Canon 75-300mm Telephoto Zoom Lens,700,16737
762,Lewitt MTP840DM high quality vocal microphone,648,15408
763,Toshiba Blu-ray Player,300,15438
764,Sigma 50mm f1.4 DG HSM Art Lens (Canon),1800,15104
765,Canon 70-200mm L2 Lens,2000,15210
766,C-stand with Knuckle and  Arm  +  Sand Bag,800,15210
767,Louis Vuitton Cap,500,16274
768,Wall Mirror,500,15444
769,Canon 5D Mark II,1500,15756
770,Bouldering mat,750,15481
771,Boxing Punch Bag with Gloves,600,15284
772,RED RAVEN 4.5K & Ronin Package,21600,16401
773,Moncler Chamonix Giubbotto Puffer Jacket,4000,15464
774,Canon 1.4x MKIII Extender Lens,1200,15104
775,Snugpak Sleeping Bag,500,15403
776,Studio Workstation Desk,4000,15938
777,Urn Kettle 30 litres,900,15925
778,Lens 16mm / 2.2t MFT Samyang Cine Lens,1200,15002
779,Canon 650D Camera with Flip Out Screen,1620,15870
780,Canon 24-105mm f4 L IS USM Lens,2500,15873
781,Compound Mitre Saw 210mm,640,15007
782,SEXY JUICER,1000,16358
783,3 Tier Child's Doll House,600,15434
784,Lens 35mm / 1.3t MFT Samyang Cine UMC,1200,15002
785,Canon 70-200mm f/2.8 L EF Telephoto Zoom Lens,2000,15861
786,Zhiyun Mechanical Servo Follow Focus for Crane 2,1000,15667
787,"1x Sennheiser G3 EW-100-ENG Portable System Including Bodypack Transmitter, ME 2 Omni Lapel Mic. Plug-on Transmitter and Camera-Mount Diversity Receiver in PELI case",2400,16108
788,V-Lock Battery Bundle Kit with Swit Charger and 2 Batteries,1500,15002
789,Swit V-Lock Battery S-8082S (95Wh) / External Portable,800,15002
790,"Cameraman and editor , C100 and FCPX , sound , lights",18000,15487
791,DJI Mavic Air Battery (x2),1000,15667
792,Sony Sonnar T* FE 35mm f/2.8 ZA Lens,1300,15667
793,DJ Mavic Pro - Full kit,3000,16922
794,Canon 5d mark III 3 (Full frame) DSLR Body with Battery Grip and,2000,15002
795,DJI Ronin M Gimbal with Field monitor,4000,15002
796,Xeen 24mm 1.5t Cine Prime lens MFT / Samyang Rokinon Cinelens Micro M43 Cinema,2500,15002
797,Xeen 85mm 1.5t Cine Prime lens MFT / Samyang Rokinon Cinelens Micro M43 Cinema,2500,15002
798,"Xeen Bundle 24mm, 50mm and 85mm 1.5t Cine Prime lens MFT / Samyang Rokinon Cinelens Micro M43 Cinema set",7000,15002
799,DJI Ronin M Gimbal with Smart Battery and soft Backpack,3000,15002
800,Xeen 24mm + 85mm Kit 1.5t Cine Prime lens MFT / Samyang Rokinon Cinelens Micro M43 Cinema set,5000,15002
801,Sony a7 III and a7R III 3 Camera Body + 24-70mm GM Lens - Filming Bundle v2,8500,15667
802,Yamaha HS80m (Pair) Studio Monitor Speakers,2000,15002
803,DJI Ronin M Gimbal with Smart Battery and soft Backpack,3000,15002
804,DJI Ronin M Gimbal with Field monitor,4000,15002
805,"Tilta Shoulder Rig with V-lock plate, Follow Focus and Matte box",3000,15002
806,"Tilta Shoulder Rig with V-lock plate, Follow Focus and Matte",3000,15002
807,Canon EOS 6D Camera,2700,15104
808,Spyder 4 PRO- Monitor Calibrator (Screen Calibration),300,15667
809,Sony a7 III 3 Camera BUNDLE: 24-70mm f2.8 + 70-200 2.8 GM Lens Video kit,6900,15667
810,16 and 35 mm Lenses / MFT Samyang Cine UMC,1900,15002
811,Zoom H1 Audio Recorder w/Rode Lavelier Mic,1875,15701
812,DJI Phantom 4,4000,15701
813,Canon 5d Mark ii,2250,15701
814,GT Glidetrack (Slider),800,15701
815,Sony A7iii w/MC11 Adapter and Sony Fe 28-70(Latest Model),3650,15701
816,Canon 85mm 1.8,1500,15701
817,Zoom H4n Audio Recorder,1875,15701
818,Speaker With Microphone Amplifier Amp PA System Kam Portable Speaker,3400,15556
819,Salim's Son,900,16966
820,Canon EF 100mm 2.8L IS USM Macro Lens,1600,15104
821,Rode lavalier (lapel) microphone - SmartLav+ for smartphone,375,15307
822,Panasonic projector and screen,1215,15408
823,Optoma GT760 / Super Short Throw Projector 3200 Lumens,1800,15002
824,Rode M3 microphone with Sennheiser SPK G3 100 transmitter and G3 100 receiver,1900,16108
825,Acer P5515 Full HD / 4100 lumens lm FullHD DLP Bright Projector,2100,15002
826,Kino Flo 2ft 2 Bank with C-Stand Knuckle and Arm.,2500,15210
827,1x Lighting Stand,500,15667
828,Canon 85mm f/1.2L II USM Prime Lens,2300,16495
829,Canon 1Dx MKII MK2 DSLR Camera Body Only & 64GB CFast card,8000,16495
830,Canon 24-70mm f/2.8L II USM Lens,2000,16495
831,DJI RONIN S Camera Stabilizer 3-Axis Gimbal,2000,16495
832,Canon 17-40mm f/4 Wide Angle USM Lens,1400,16495
833,DJI Osmo Pocket with 128GB SanDisk Micro USB,2200,16495
834,Canon 70-200 f/4L (Non-IS),1300,16495
835,Canon 24mm f/ 1.4L II USM Prime Lens,2200,16495
836,Red Weapon Dragon 6K DSMC2,25000,16703
837,Sony A7 II + Zeiss 24-70mm F4,3200,16382
838,SOFTBOX LIGHTING PHOTOGRAPHY,1200,16358
839,Nikon D500 + 200-500mm telephoto lens + sigma 50mm 1.4 art,4000,15533
840,"IBANEZ , ELECTRIC BASS GUITAR  ( BLACK )",800,15999
841,Sigma 50mm f1.4 prime lens NIKON FIT,1500,15533
842,4 x Astera AX1 Kit with AsteraBox ART7 / Pixel tube LED Video Lights Event Pixeltube Neon Light,6000,15002
843,6 x Astera AX1 Kit with AsteraBox ART7 / Pixel tube LED Video Lights Event Pixeltube Neon Light,8000,15002
844,2 x Astera AX1 Kit with Astera Remote /Pixel tube LED Video Lights Event Pixeltube Neon Light,4000,15002
845,CANON 5D III,1800,15482
846,Epson Projector - Full HD (EB-S41),1300,15667
847,Canon LP-E6 Battery (for 5D/7D) and some monitors,500,15067
848,2x Canon LP-E6 Battery (for 5D/7D) and some monitors,1000,15067
849,"Canon 5D MKiii W/ 24-105, 50mm 1.8 & Tripod",2600,16135
850,3x Canon LP-E6 Battery (for 5D/7D) and some monitors,1500,15067
851,4xcCanon LP-E6 Battery (for 5D/7D) and some monitors,2000,15067
852,Optoma GT760 Bundle /2x Projectors with rig and 20m cables,5000,15002
853,Panasonic GH4 Camera Kit with 4 Lenses,6000,15449
854,Sony Sonnar T* FE 55mm f/1.8 ZA Lens,1800,15667
855,Rode VXLR+ lavalier phantom power converter 3.5mm to XLR,300,15307
856,Multicore Stage Box 15m,1500,15307
857,Sony a7 III - a7s II - a7R III - Underwater Case with 28-70mm or 90mm Lens,4500,15667
858,2x Shure SM58 Mics + 2 Stands & 2 Cables,1500,15307
859,Canon 70-200mm II IS USM L f2.8 Lens,2500,15873
860,Sony a7s II + 24-70mm GM f2.8 Lens + Crane 3 Stabiliser Gimbal - Bundle,6300,15667
861,Fujifilm x100f Camera,2000,15562
862,Sigma art 85mm 1.4f for  Canon,1800,15002
863,Rode M3 multi-powered condenser microphone,900,16108
864,Sony 128GB - Ultra Fast WRITE Speed: 299 MB/s,1000,15667
865,Sony a7R III Mirrorless Camera (Body Only) - Mark 3,2000,15667
866,Zhiyun-Tech Crane 2 w/ Follow Focus (Stabilizer),1800,15667
867,Reflector lastolite kit,1000,15210
868,Manfrotto fluid Monopod with 500 Head - MVM500A,1000,16523
869,Sony a7s II + 24-70mm f2.8 GM - Bundle,4300,15667
870,Wacom Intuos Pro Creative Pen Tablet (Medium),1800,15667
871,Sony Alpha a7 III mk 3 camera + 24-70 mm GM Lens + Rode VideoMicro Bundle,4500,15667
872,Sony a7 R III 3 + MacBook Pro + Flash Light + 24-70mm GM + Tripod + Umbrella - Photographer Kit,10000,15667
873,Pro Bundle - Sony a7R III + Atomos + Crane 3 stabiliser gimbal + 70-200 mm 2.8 & 55 mm 1.8 lens,11500,15667
874,Sony a7 III camera + 35 + 55 + 90 macro + 70-200 mm 2.8 GM lens + Crane 2 stabiliser gimbal + ND Filter + RODE Wireless lav Mic + tripod - Filming Bundle v2,11500,15667
875,BLACKMAGIC ATEM STUDIO HD -VIDEO SWITCHER-VIDEOMIXER,3500,16590
876,Blackmagic Intensity Shuttle / Video Capture Card,2000,15002
877,Blackmagic UltraStudio Mini Recorder HDM / SDI Capture Card,1400,15002
878,2x Blue Hummingbird Studio Microphones,1500,15307
879,SL1210 MRK 2 RECORD DECKS,8000,16635
880,Zoom H4N Sound Recorder,800,16610
881,NIKON 55-200mm lens with stabilisation,1000,15307
882,RED STATION RED MINI-MAG - USB 3.1,1080,16401
883,"GoPro Hero 4 - 4K (Batteries, Mounts & Waterproof Case)",1500,15659
884,GoPro Hero 3+ with Accessories,1200,15239
885,GOPRO HERO 4 CAMERA Black Edition with Accessories,1500,16358
886,Panasonic Lumix GH4/GH5 Batteries x 4,1500,15984
887,Atomos Ninja Blade (Monitor / recorder) with SDI to HDMI converter,1200,15343
888,MC11 Adapter,1000,15701
889,Sony A7s ii Camera with 3 Lenses,6000,16412
890,Film Scanner - Negative Analogue,1500,15667
891,Røde Video Mic Me,800,15307
892,"Reflector Silver & Gold - Collapsible Circular 80cm (32"")",500,15667
893,lav wireless lapel interview mic - Rode Link radio microphone Kit,900,15667
894,Sony 24-70mm f/2.8 GM Lens,2700,15667
895,Sony 90mm f/2.8 Macro G Lens + Circular Polarizer Filter,1800,15667
896,HOYA 62mm Circular Polarizing HD (High Density),500,15667
897,Sony Speedlight TTL Flash + Trigger Kit Godox TT685S speedli,1600,15667
898,Tilta Nucleus-M Wireless Follow Focus,3900,16431
899,Electric Scooter EU Version - Xiaomi M365 Folding (No.2),1200,15667
900,Canon EF 16-35mm f2.8L III USM Lens,2200,15104
901,3 x Arri lighting kit 2 x 650w 1 x 300w,2520,15210
902,Posing Table,1000,16900
903,Posing Stool,500,16900
904,Mavic Pro Drone with Extra Batteries + Car Charger,3500,15595
905,California Sunbounce 4x6ft S/W + 1/3 Translucent Diff,1800,16900
906,Mamiya RZ Polaroid Back,500,16900
907,iWorkCase Two for 15in Laptop (fits Hyperjuice batteries),1600,16900
908,Mamiya Rz Sekor Z Macro 140mm f4.5 W,1000,16900
909,California Sunbounce Sunswatter Pro 4x6ft with Boomstick,1800,16900
910,Mamiya RZ 120/220 Filmback,800,16900
911,HyperJuice 1.5 External Battery (222Wh),2500,16900
912,Ewa-Marine SLR Underwater Case,2500,16900
913,Konica AA-35 Half Frame 35mm,1000,16900
914,35mm Leica R5 +Lens Elmarit R f2.8 / 135mm,2000,16900
915,2 x Profoto - B2 250 Air TTL w/ Grid Kit - Paraflash Strobe Lighting Kit,2800,15667
916,Kora - West African Harp,1500,16900
917,Manfrotto Tripod,1000,15861
918,CameraPlus 100x100mm / 4x4in 1.8ND 6 Stop Filter,500,16900
919,Lee Filter 100x150mm ND 0.9 Soft Grad,500,16900
920,Nikon 105mm f2.8 AF-S Micro Nikkor G ED Macro,1300,16900
921,Mamiya RZ PD Prism Finder,800,16900
922,Contax TLA 200 Flash,1200,16900
923,Hoya Digital UV Filter 77mm Thread,400,16900
924,Mamiya RZ Sekor Z f4.5 180mm W-N Lens,1000,16900
925,Mamiya RZ Pro II + 110mm Lens + Filmback + WLF,2400,16900
926,Vanguard VEO AM-264TV Monopod + Fluid Video Head,1000,15667
927,California Sun bounce,2000,15002
928,scrim jim 6x6 cine kit,2500,15002
929,"MacBook Pro (13-inch, 2016) TOUCHBAAAAR!",1100,16501
930,2 x Sony NP-FW50 Batteries and Dual Charger,1600,15667
931,Acer P1387W /  4500 lumens lm DLP Bright Projector,1900,15002
932,JVC VHS camcorder,2300,16654
933,Xbox One Controller,100,16718
934,Blackmagic Pocket Cinema Camera 4k + 3 Batteries + Charger,1900,15982
935,USB CD DRIVE DVD Burner,1000,16358
936,BEST HEADPHONES Audio-technica,1000,16358
937,3x 20m High Quality long HDMI Cables,1500,15002
938,"Full HD ACER Projector. CINEMA, CONFERENCES, PARTIES, GAMING",2200,16176
939,Bowens Gemini GW750 Pro Studio Flash Kit,5000,16832
940,Manfrotto Fluid Drag Video Head with Tripod,1000,15667
941,"Tilta Nucleus M Kit Remote Focus, Iris, Zoom",4000,15067
942,"Canon 1Dx MKII, DJI Ronin S & Canon 24mm 1.4 Lens Bundle",12000,16495
943,RØDE Videomic Pro Shotgun Mic,800,16523
944,Profoto B1 location kit /flash,5500,15002
945,4x Dedolight Kit with Softbag / Dedo light dedos dedolight DLH4 150w,5500,15002
946,"SmallHD 1303 HDR 13"" Bright Monitor for on set video village",7000,15067
947,4x Dedolight Kit with Softbag / Dedo light dedos dedolight DLH4 150w,5500,15002
948,4x Dedolight Kit with Softbag / Dedo light dedos dedolight DLH4 150w,5500,15002
949,4x Sennheiser G3 Wireless Lapel Microphone kit in PELI cases,5900,16108
950,Mamiya RZ Sekor Z f3.5W 90mm Lens,1000,16900
951,Profoto B1 Kit,5500,15002
952,Nikon ED AF Micro Nikkor 200mm f4 D,2000,16900
953,Mamiya RZ Grip,500,16900
954,Sigma Art 85/50/35mm Set for Nikon,3800,16900
955,Sigma 50mm f1.4 Art for Nikon,1300,16900
956,DSLR Shoulder Rig Tilta w/Follow Focus & Counterweight,2000,16523
957,Sigma 35mm Art f1.4 Lens for Nikon,1300,16900
958,Panasonic GH4 with Sigma 18-35mm f1.8 and SB,2200,15389
959,2 x Arri 800w open face.,2000,15210
960,Pro DSLR Handy Rig Shoulder Mount Steady Support Stabiliser,600,15104
961,Wall painting,,15191
962,SanDisk SD Extreme PRO Memory Card - 32 + 16 + 128 GB,500,15667
963,Sigma 18-35 F1.8 (Canon EF Mount),1800,15389
964,Sigma 10-20mm Nikon Fit Super Wide Lens 1-4:5.6,1500,15307
965,Tokina 11-16mm f2.8 Lens,1000,16610
966,Rode Videomic Pro,900,15868
967,Weifeng tripod,1350,15389
968,Tilta Nucleus N / Nano Wireless Follow Focus ideal for Ronin,1800,15002
969,"Tilta Nucleus N / Nano Wireless Follow Focus ideal for Ronin S, Zhiyun Crane and Gimbal (compatible with Tilta M)",1800,15002
970,Canon EF f2.8L 70-200mm IS II USM Lens,3200,15104
971,Canon 70-200mm f/2.8 L IS II USM LENS EF,1800,15002
972,SmallHD 703 Bolt Wireless Monitor Kit (Includes Teradek!),10000,16703
973,2x Dedolight Kit with soft carrybag / Dedo light dedos dedolightde,3500,15002
974,Panasonic GH4 Filming Kit,7000,15389
975,2x Dedolight Kit with soft carrybag / Dedo light dedos dedolight D,3500,15002
976,BMPCC 6K Body with 128gb CFast and 3 Batteries - Blackmagic Design Pocket Cinema Camera 6K EF,5000,15002
977,Rode Videomic Pro,800,15389
978,Xbox One Gaming Console with Games,1100,15389
979,Opteka Manual Fish Eye 6.5mm f3.5 (Canon EF Mount),1800,15389
980,Panasonic GH4 with Sigma 24-105 F4 (SB f2.8),2625,15389
981,Sony A7R II,4000,15097
982,"Tilta Nucleus N / Nano Wireless Follow Focus ideal for Ronin S, Zhiyun Crane and Gimbal (compatible with Tilta M)",1800,15002
983,"Tilta Nucleus N / Nano Wireless Follow Focus ideal for Ronin S, Zhiyun Crane and Gimbal (compatible with Tilta M)",1800,15002
984,Nikon 24-70mm,2600,15413
985,Kino Flo Diva Lite 400 with Stand,2500,15210
986,4ft LOVE Letters,15000,16758
987,Mackie High Definition Active Speaker System - 5600Watts,20000,16758
988,Sennheiser G3 Handheld Wireless Microphone & Receiver,4600,16758
989,Mackie High Definition Active Speaker System  - 9000Watts,35000,16758
990,Canon EF 24-70 f2.8L II USM Lens,2200,15104
991,Epson Projector (2) - Full HD (EB-S41),1300,15667
992,128 + 128 Fast SD Memory Cards,1800,15667
993,Light Stands - Elinchrom - x2 Paraflash,1000,15667
994,Ladder Step,500,15481
995,"FAST Nikon AI-S Vintage lens set, with Sony E mount- beautiful, soft contrast",4500,16983
996,"Tethertools Camera-Computer transfer cable -Canon,Nikon,Sony",500,15667
997,6×3 Metre Gazebo,15000,16088
998,Run-and-Gun v3 Filming Bundle - Sony a7 III,8700,15667
999,Zoom H4n Pro / Microphone Handy Recorder 4 Tracks,1200,15002
1000,Canon EF-S 10-18mm Super Wide Angle Lens,1300,15104